language,digs,multis,word_n,expected_complexity,coordinates
languagegen56index0_55.14.38.63.31.11.3.68.1.42.23.60.51.46.61.62.89.4.52.69.86.32.40.20.90.93.58.65.22.18.88.5.82.71.9.50.29.7.92.81.79.25.15.28.44.57.37.74.39.47.77.34.84.83.26.6.13.27.35.85.30.54.87.45.64.2.80.70.53.73.91.56.72.66.33.12.24.48.43.8.49.19.41.75.17.36.67.78.95.94.96.97_10.21.16.59.76,55.14.38.63.31.11.3.68.1.42.23.60.51.46.61.62.89.4.52.69.86.32.40.20.90.93.58.65.22.18.88.5.82.71.9.50.29.7.92.81.79.25.15.28.44.57.37.74.39.47.77.34.84.83.26.6.13.27.35.85.30.54.87.45.64.2.80.70.53.73.91.56.72.66.33.12.24.48.43.8.49.19.41.75.17.36.67.78.95.94.96.97,10.21.16.59.76,97,1.0002521936719837,"(97, 1.0002521936719837)"
